<?xml version="1.0"?>
<project name="PaperAirplane-common" default="all" basedir=".">

  <!-- ==================================================================== -->
  <!-- This file stores information in an external file, so that apps       -->
  <!-- that use Paper Airplane can import this file                         -->
  <!-- without having to encode all the info themselves.					-->
  <!-- ==================================================================== -->

  <!-- ==================================================================== -->
  <!-- Note: You must define "env" and "paperairplane_home" before          -->
  <!-- including this common ANT file, and have imported P2P Sockets		-->
  <!-- build_common.xml file.												-->
  <!-- ==================================================================== -->

	<property name="paperairplane.dist.dir"         	   value="${paperairplane_home}/dist"/>
	<property name="paperairplane.dist.classes"            value="${paperairplane.dist.dir}/classes"/>
	<property name="paperairplane.dist.lib"	               value="${paperairplane.dist.dir}/lib"/>
	<property name="paperairplane.dist.tests"         	   value="${paperairplane.dist.dir}/tests"/>
	<property name="paperairplane.dist.mozilla"            value="${paperairplane.dist.dir}/mozilla"/>
	<property name="paperairplane.dist.flash"              value="${paperairplane.dist.dir}/flash"/>
	<property name="paperairplane.dist.wars"               value="${paperairplane.dist.dir}/wars"/>
	 
	<property name="paperairplane.docs.dir"         	   value="${paperairplane_home}/www/docs"/>
	<property name="paperairplane.docs.javadoc"            value="${paperairplane.docs.dir}/javadoc"/>		
	
	<property name="paperairplane.src.dir"         	       value="${paperairplane_home}/src"/>
	<property name="paperairplane.src.java"         	   value="${paperairplane.src.dir}/java"/>
	<property name="paperairplane.src.tests"      		   value="${paperairplane.src.dir}/tests"/>
	<property name="paperairplane.src.flash"			   value="${paperairplane.src.dir}/flash"/>
	<property name="paperairplane.src.ie"				   value="${paperairplane.src.dir}/ie"/>
	<property name="paperairplane.src.mozilla"			   value="${paperairplane.src.dir}/mozilla"/>

	<property name="paperairplane.www.dir"				   value="${paperairplane_home}/www"/>

	<property name="paperairplane.releases"			       value="${paperairplane.www.dir}/releases"/>
	<property name="paperairplane.releases.stable"         value="${paperairplane.releases}/stable"/>
	<property name="paperairplane.releases.unstable"       value="${paperairplane.releases}/unstable"/>
	<property name="paperairplane.releases.older"          value="${paperairplane.releases}/older"/>
	<property name="paperairplane.releases.dependencies"   value="${paperairplane.releases}/dependencies"/>

	<property name="paperairplane.lib.dir"         		   value="${paperairplane_home}/lib"/>	
  
  	<property name="paperairplane.jar"        	           value="${paperairplane.dist.lib}/paperairplane.jar"/>  

  <!-- ==================================================================== -->
  <!-- Information needed by our Ant Flash task                             -->
  <!-- ==================================================================== -->

	<property name="flashcompiler"						   value="${env.flashcompiler}"/>
	<property name="flash-task.jar"        				   value="${paperairplane.lib.dir}/flash-task.jar"/> 

	<!-- how long the build task should wait before giving up on the Flash compiler -->
	<property name="flashcompiler.timeout" value="100000"/>

  <!-- ==================================================================== -->
  <!-- Paths                                                                -->
  <!-- ==================================================================== -->
  
  	<path id="paperairplane.build-classpath"> 
		<path refid="p2psockets.build-classpath"/>
		<!-- dirs -->
    	<pathelement location="${paperairplane.dist.classes}"/>
    	<pathelement location="${paperairplane.dist.mozilla}"/>
    	<pathelement location="${paperairplane.dist.tests}"/>
		<pathelement location="${paperairplane.dist.wars}"/>
    	<pathelement location="${paperairplane.src.java}"/>
    	<pathelement location="${paperairplane.src.tests}"/>
  		<!-- libs -->
		<pathelement location="${paperairplane.jar}"/>
  	</path>  		

	<!-- A custom Ant Flash task taken from http://www.markme.com/ethan/archives/003883.cfm -->
	<taskdef name="flash" classname="Flash2004" classpath="${flash-task.jar}"/>
</project>		
